First Name,Last Name,Gender,Age,Date,Id,phone_number
Dulce,Abril,Female,32,15/10/2017,1562,9845413124
Mara,Hashimoto,Female,25,16/08/2016,1582,9802073437
Philip,Gent,Male,36,21/05/2015,2587,9848639177
Kathleen,Hanner,Female,25,15/10/2017,3549,9843831137
Nereida,Magwood,Female,58,16/08/2016,2468,9823207813
Gaston,Brumm,Male,24,21/05/2015,2554,9841666811
Etta,Hurn,Female,56,15/10/2017,3598,9802242659
Earlean,Melgar,Female,27,16/08/2016,2456,9848639178
Vincenza,Weiland,Female,40,21/05/2015,6548,9848639178
